Test ID,Event ID,Subject ID,Event Time,Event Type,Element ID,Mouse Position (X),Mouse Position (Y),Time Entered Element,Scroll Time Offset (ms),Scroll Offset X,Scroll Offset Y,Prior Knowledge Answer,Read Time (ms),Story Segment,Story ID,Story Title,Story Author,Story Profile Picture,Story Post Date,Comment One Body,Comment One Author,Comment One Profile Picture,Comment One Post Date,Comment Two Body,Comment Two Author,Comment Two Profile Picture,Comment Two Post Date,Distractor Question,Distractor Image,Distractor Answers,Distractor Answer,Advertisement Style,Error Message,Source File,Source Line No.,Source Column Number,Application Version,Browser Type,Browser Width,Browser Height
13,N/A,test114,N/A,Post Data,N/A,N/A,N/A,N/A,N/A,N/A,N/A,N/A,N/A,N/A,skywalker-resort,Skywalker Resort,Beth Hartzler,/digital-deception/assets/profile-pictures/Beth-Hartzler.jpg,2 Hours Ago,Sounds like something right out of a movie script.,Leslie Blaha,/digital-deception/assets/profile-pictures/Leslie-Blaha.jpg,9 Minutes Ago,Grateful to live in a time where we can discover all of this!,N/A,/digital-deception/assets/profile-pictures/Kathleen-Larson.jpg,2 Days Ago,N/A,N/A,N/A,N/A,False,N/A,N/A,N/A,N/A,N/A,N/A,N/A,N/A
13,N/A,test114,N/A,Post Data,N/A,N/A,N/A,N/A,N/A,N/A,N/A,N/A,N/A,N/A,distractor-task-13,N/A,N/A,N/A,N/A,N/A,N/A,N/A,N/A,N/A,N/A,N/A,N/A,Which shape did you notice first?,/digital-deception/assets/distractions/distractor-task-13.png,???,???,True,N/A,N/A,N/A,N/A,N/A,N/A,N/A,N/A
13,N/A,test114,N/A,Post Data,N/A,N/A,N/A,N/A,N/A,N/A,N/A,N/A,N/A,N/A,irish-moss,Irish Moss,Beth Hartzler,/digital-deception/assets/profile-pictures/Beth-Hartzler.jpg,3 Days Ago,This post just popped up in my feed today. I got sucked in and had to read the whole way through.,Ian Davis,/digital-deception/assets/profile-pictures/Ian-Davis.jpg,2 Hours Ago,Have you heard of Occam’s razor? They say the simplest explanation is most often the best.,N/A,/digital-deception/assets/profile-pictures/Ian-Davis.jpg,58 Minutes Ago,N/A,N/A,N/A,N/A,False,N/A,N/A,N/A,N/A,N/A,N/A,N/A,N/A
13,N/A,test114,N/A,Post Data,N/A,N/A,N/A,N/A,N/A,N/A,N/A,N/A,N/A,N/A,distractor-task-12,N/A,N/A,N/A,N/A,N/A,N/A,N/A,N/A,N/A,N/A,N/A,N/A,"The green cylinder is casting a shadow over tile B to make it appear a lighter color than tile A. Without the shadow, is tile B lighter than tile A? ",/digital-deception/assets/distractions/distractor-task-12.png,???,???,True,N/A,N/A,N/A,N/A,N/A,N/A,N/A,N/A
13,N/A,test114,N/A,Post Data,N/A,N/A,N/A,N/A,N/A,N/A,N/A,N/A,N/A,N/A,twister,"Twister, a Dirty Game",Leslie Blaha,/digital-deception/assets/profile-pictures/Leslie-Blaha.jpg,28 Hours Ago,Interesting. I’m surprised they never taught us this in elementary school.,Rachel Wong,/digital-deception/assets/profile-pictures/Rachel-Wong.jpg,7 Minutes Ago,Love this stuff. Kind of things you’d never hear about,N/A,/digital-deception/assets/profile-pictures/Megan-Morris.jpg,34 Minutes Ago,N/A,N/A,N/A,N/A,False,N/A,N/A,N/A,N/A,N/A,N/A,N/A,N/A
13,N/A,test114,N/A,Post Data,N/A,N/A,N/A,N/A,N/A,N/A,N/A,N/A,N/A,N/A,distractor-task-8,N/A,N/A,N/A,N/A,N/A,N/A,N/A,N/A,N/A,N/A,N/A,N/A,One of these symbols does not belong. Which quadrant contains the odd one out?,/digital-deception/assets/distractions/distractor-task-8.png,???,???,True,N/A,N/A,N/A,N/A,N/A,N/A,N/A,N/A
13,N/A,test114,N/A,Post Data,N/A,N/A,N/A,N/A,N/A,N/A,N/A,N/A,N/A,N/A,goody-garlick,Good Garlick the Witch,Ian Davis,/digital-deception/assets/profile-pictures/Ian-Davis.jpg,2 Days Ago,I'm shocked more people don't know about this! My family can’t stop talking about it.,Beth Hartzler,/digital-deception/assets/profile-pictures/Beth-Hartzler.jpg,4 Hours Ago,Love the innovation! You don’t come across that every day.,N/A,/digital-deception/assets/profile-pictures/Beth-Hartzler.jpg,3 Days Ago,N/A,N/A,N/A,N/A,False,N/A,N/A,N/A,N/A,N/A,N/A,N/A,N/A
13,N/A,test114,N/A,Post Data,N/A,N/A,N/A,N/A,N/A,N/A,N/A,N/A,N/A,N/A,distractor-task-6,N/A,N/A,N/A,N/A,N/A,N/A,N/A,N/A,N/A,N/A,N/A,N/A,Which vintage postcard represents an impossible image?,/digital-deception/assets/distractions/distractor-task-6.png,???,???,True,N/A,N/A,N/A,N/A,N/A,N/A,N/A,N/A
13,N/A,test114,N/A,Post Data,N/A,N/A,N/A,N/A,N/A,N/A,N/A,N/A,N/A,N/A,cuttlefish-vision,Cuttlefish Vision,Megan Morris,/digital-deception/assets/profile-pictures/Megan-Morris.jpg,2 Minutes Ago,This is a thing?? Amazing!,Megan Morris,/digital-deception/assets/profile-pictures/Megan-Morris.jpg,19 Hours Ago,"Bizarre, but pleasantly surprised by this one.",N/A,/digital-deception/assets/profile-pictures/Rachel-Wong.jpg,2 Days Ago,N/A,N/A,N/A,N/A,False,N/A,N/A,N/A,N/A,N/A,N/A,N/A,N/A
13,N/A,test114,N/A,Post Data,N/A,N/A,N/A,N/A,N/A,N/A,N/A,N/A,N/A,N/A,distractor-task-10,N/A,N/A,N/A,N/A,N/A,N/A,N/A,N/A,N/A,N/A,N/A,N/A,"In this image, which word did you see first ",/digital-deception/assets/distractions/distractor-task-10.png,???,???,True,N/A,N/A,N/A,N/A,N/A,N/A,N/A,N/A
13,N/A,test114,N/A,Post Data,N/A,N/A,N/A,N/A,N/A,N/A,N/A,N/A,N/A,N/A,turtles-on-treadmills,Turtles on Treadmills,Rachel Wong,/digital-deception/assets/profile-pictures/Rachel-Wong.jpg,32 Minutes Ago,My brain is still trying to wrap itself around the details. Very intriguing!,Leslie Blaha,/digital-deception/assets/profile-pictures/Leslie-Blaha.jpg,6 Hours Ago,"Hold uppppp, what did they say???",N/A,/digital-deception/assets/profile-pictures/Beth-Hartzler.jpg,14 Hours Ago,N/A,N/A,N/A,N/A,False,N/A,N/A,N/A,N/A,N/A,N/A,N/A,N/A
13,7090,test114,2021-08-12 15:02:49.829000,post_came_into_view,skywalker-resort,N/A,N/A,N/A,N/A,N/A,N/A,N/A,N/A,N/A,N/A,N/A,N/A,N/A,N/A,N/A,N/A,N/A,N/A,N/A,N/A,N/A,N/A,N/A,N/A,N/A,N/A,N/A,N/A,N/A,N/A,N/A,N/A,N/A,N/A,N/A
13,7091,test114,2021-08-12 15:02:49.829000,post_came_into_view,distractor-task-13,N/A,N/A,N/A,N/A,N/A,N/A,N/A,N/A,N/A,N/A,N/A,N/A,N/A,N/A,N/A,N/A,N/A,N/A,N/A,N/A,N/A,N/A,N/A,N/A,N/A,N/A,N/A,N/A,N/A,N/A,N/A,N/A,N/A,N/A,N/A
13,7107,test114,2021-08-12 15:02:54.642000,mouse_clicked_element,skywalker-resort-title-container,N/A,N/A,N/A,N/A,N/A,N/A,N/A,N/A,N/A,N/A,N/A,N/A,N/A,N/A,N/A,N/A,N/A,N/A,N/A,N/A,N/A,N/A,N/A,N/A,N/A,N/A,N/A,N/A,N/A,N/A,N/A,N/A,N/A,N/A,N/A
13,7108,test114,2021-08-12 15:02:54.654000,post_replies_opened,skywalker-resort,N/A,N/A,N/A,N/A,N/A,N/A,N/A,N/A,N/A,N/A,N/A,N/A,N/A,N/A,N/A,N/A,N/A,N/A,N/A,N/A,N/A,N/A,N/A,N/A,N/A,N/A,N/A,N/A,N/A,N/A,N/A,N/A,N/A,N/A,N/A
13,7157,test114,2021-08-12 15:03:04.854000,mouse_clicked_element,skywalker-resort-modal-post-author-container,N/A,N/A,N/A,N/A,N/A,N/A,N/A,N/A,N/A,N/A,N/A,N/A,N/A,N/A,N/A,N/A,N/A,N/A,N/A,N/A,N/A,N/A,N/A,N/A,N/A,N/A,N/A,N/A,N/A,N/A,N/A,N/A,N/A,N/A,N/A
13,7177,test114,2021-08-12 15:03:05.215000,mouse_clicked_element,,N/A,N/A,N/A,N/A,N/A,N/A,N/A,N/A,N/A,N/A,N/A,N/A,N/A,N/A,N/A,N/A,N/A,N/A,N/A,N/A,N/A,N/A,N/A,N/A,N/A,N/A,N/A,N/A,N/A,N/A,N/A,N/A,N/A,N/A,N/A
13,7199,test114,2021-08-12 15:03:05.499000,mouse_clicked_element,,N/A,N/A,N/A,N/A,N/A,N/A,N/A,N/A,N/A,N/A,N/A,N/A,N/A,N/A,N/A,N/A,N/A,N/A,N/A,N/A,N/A,N/A,N/A,N/A,N/A,N/A,N/A,N/A,N/A,N/A,N/A,N/A,N/A,N/A,N/A
13,7213,test114,2021-08-12 15:03:05.779000,mouse_clicked_element,skywalker-resort-chunk-text,N/A,N/A,N/A,N/A,N/A,N/A,N/A,N/A,N/A,N/A,N/A,N/A,N/A,N/A,N/A,N/A,N/A,N/A,N/A,N/A,N/A,N/A,N/A,N/A,N/A,N/A,N/A,N/A,N/A,N/A,N/A,N/A,N/A,N/A,N/A
13,7254,test114,2021-08-12 15:03:15.557000,mouse_clicked_element,skywalker-resort-comment-button,N/A,N/A,N/A,N/A,N/A,N/A,N/A,N/A,N/A,N/A,N/A,N/A,N/A,N/A,N/A,N/A,N/A,N/A,N/A,N/A,N/A,N/A,N/A,N/A,N/A,N/A,N/A,N/A,N/A,N/A,N/A,N/A,N/A,N/A,N/A
13,7344,test114,2021-08-12 15:03:16.518000,mouse_clicked_element,,N/A,N/A,N/A,N/A,N/A,N/A,N/A,N/A,N/A,N/A,N/A,N/A,N/A,N/A,N/A,N/A,N/A,N/A,N/A,N/A,N/A,N/A,N/A,N/A,N/A,N/A,N/A,N/A,N/A,N/A,N/A,N/A,N/A,N/A,N/A
13,7345,test114,2021-08-12 15:03:16.518000,story_segment_read,N/A,N/A,N/A,N/A,N/A,N/A,N/A,N/A,21864,0,N/A,N/A,N/A,N/A,N/A,N/A,N/A,N/A,N/A,N/A,N/A,N/A,N/A,N/A,N/A,N/A,N/A,N/A,N/A,N/A,N/A,N/A,N/A,N/A,N/A,N/A
13,7403,test114,2021-08-12 15:03:17.372000,mouse_clicked_element,,N/A,N/A,N/A,N/A,N/A,N/A,N/A,N/A,N/A,N/A,N/A,N/A,N/A,N/A,N/A,N/A,N/A,N/A,N/A,N/A,N/A,N/A,N/A,N/A,N/A,N/A,N/A,N/A,N/A,N/A,N/A,N/A,N/A,N/A,N/A
13,7404,test114,2021-08-12 15:03:17.373000,story_segment_read,N/A,N/A,N/A,N/A,N/A,N/A,N/A,N/A,854,1,N/A,N/A,N/A,N/A,N/A,N/A,N/A,N/A,N/A,N/A,N/A,N/A,N/A,N/A,N/A,N/A,N/A,N/A,N/A,N/A,N/A,N/A,N/A,N/A,N/A,N/A
13,7499,test114,2021-08-12 15:03:18.301000,mouse_clicked_element,skywalker-resort-chunk-text,N/A,N/A,N/A,N/A,N/A,N/A,N/A,N/A,N/A,N/A,N/A,N/A,N/A,N/A,N/A,N/A,N/A,N/A,N/A,N/A,N/A,N/A,N/A,N/A,N/A,N/A,N/A,N/A,N/A,N/A,N/A,N/A,N/A,N/A,N/A
13,7536,test114,2021-08-12 15:03:18.905000,mouse_clicked_element,skywalker-resort-modal-post-title,N/A,N/A,N/A,N/A,N/A,N/A,N/A,N/A,N/A,N/A,N/A,N/A,N/A,N/A,N/A,N/A,N/A,N/A,N/A,N/A,N/A,N/A,N/A,N/A,N/A,N/A,N/A,N/A,N/A,N/A,N/A,N/A,N/A,N/A,N/A
13,7560,test114,2021-08-12 15:03:19.418000,mouse_clicked_element,skywalker-resort-modal-post-date-container,N/A,N/A,N/A,N/A,N/A,N/A,N/A,N/A,N/A,N/A,N/A,N/A,N/A,N/A,N/A,N/A,N/A,N/A,N/A,N/A,N/A,N/A,N/A,N/A,N/A,N/A,N/A,N/A,N/A,N/A,N/A,N/A,N/A,N/A,N/A
13,7617,test114,2021-08-12 15:03:20.012000,mouse_clicked_element,skywalker-resort-modal-post-author-container,N/A,N/A,N/A,N/A,N/A,N/A,N/A,N/A,N/A,N/A,N/A,N/A,N/A,N/A,N/A,N/A,N/A,N/A,N/A,N/A,N/A,N/A,N/A,N/A,N/A,N/A,N/A,N/A,N/A,N/A,N/A,N/A,N/A,N/A,N/A
13,7689,test114,2021-08-12 15:03:21.524000,mouse_clicked_element,skywalker-resort-comment-undefined-body,N/A,N/A,N/A,N/A,N/A,N/A,N/A,N/A,N/A,N/A,N/A,N/A,N/A,N/A,N/A,N/A,N/A,N/A,N/A,N/A,N/A,N/A,N/A,N/A,N/A,N/A,N/A,N/A,N/A,N/A,N/A,N/A,N/A,N/A,N/A
13,7724,test114,2021-08-12 15:03:22.112000,mouse_clicked_element,skywalker-resort-comment-undefined-author-container,N/A,N/A,N/A,N/A,N/A,N/A,N/A,N/A,N/A,N/A,N/A,N/A,N/A,N/A,N/A,N/A,N/A,N/A,N/A,N/A,N/A,N/A,N/A,N/A,N/A,N/A,N/A,N/A,N/A,N/A,N/A,N/A,N/A,N/A,N/A
13,7764,test114,2021-08-12 15:03:22.766000,mouse_clicked_element,skywalker-resort-comment-undefined-date-container,N/A,N/A,N/A,N/A,N/A,N/A,N/A,N/A,N/A,N/A,N/A,N/A,N/A,N/A,N/A,N/A,N/A,N/A,N/A,N/A,N/A,N/A,N/A,N/A,N/A,N/A,N/A,N/A,N/A,N/A,N/A,N/A,N/A,N/A,N/A
13,7799,test114,2021-08-12 15:03:23.340000,mouse_clicked_element,skywalker-resort-comment-undefined-date-container,N/A,N/A,N/A,N/A,N/A,N/A,N/A,N/A,N/A,N/A,N/A,N/A,N/A,N/A,N/A,N/A,N/A,N/A,N/A,N/A,N/A,N/A,N/A,N/A,N/A,N/A,N/A,N/A,N/A,N/A,N/A,N/A,N/A,N/A,N/A
13,7846,test114,2021-08-12 15:03:23.882000,mouse_clicked_element,skywalker-resort-comment-undefined-body,N/A,N/A,N/A,N/A,N/A,N/A,N/A,N/A,N/A,N/A,N/A,N/A,N/A,N/A,N/A,N/A,N/A,N/A,N/A,N/A,N/A,N/A,N/A,N/A,N/A,N/A,N/A,N/A,N/A,N/A,N/A,N/A,N/A,N/A,N/A
13,7896,test114,2021-08-12 15:03:24.464000,mouse_clicked_element,skywalker-resort-comment-undefined-author-container,N/A,N/A,N/A,N/A,N/A,N/A,N/A,N/A,N/A,N/A,N/A,N/A,N/A,N/A,N/A,N/A,N/A,N/A,N/A,N/A,N/A,N/A,N/A,N/A,N/A,N/A,N/A,N/A,N/A,N/A,N/A,N/A,N/A,N/A,N/A
13,7922,test114,2021-08-12 15:03:24.820000,post_replies_closed,skywalker-resort,N/A,N/A,N/A,N/A,N/A,N/A,N/A,N/A,N/A,N/A,N/A,N/A,N/A,N/A,N/A,N/A,N/A,N/A,N/A,N/A,N/A,N/A,N/A,N/A,N/A,N/A,N/A,N/A,N/A,N/A,N/A,N/A,N/A,N/A,N/A
13,7974,test114,2021-08-12 15:03:25.662000,prior_knowledge_answer_changed,N/A,N/A,N/A,N/A,N/A,N/A,N/A,1,N/A,N/A,N/A,N/A,N/A,N/A,N/A,N/A,N/A,N/A,N/A,N/A,N/A,N/A,N/A,N/A,N/A,N/A,N/A,N/A,N/A,N/A,N/A,N/A,N/A,N/A,N/A,N/A
13,8028,test114,2021-08-12 15:03:26.255000,prior_knowledge_answer_changed,N/A,N/A,N/A,N/A,N/A,N/A,N/A,2,N/A,N/A,N/A,N/A,N/A,N/A,N/A,N/A,N/A,N/A,N/A,N/A,N/A,N/A,N/A,N/A,N/A,N/A,N/A,N/A,N/A,N/A,N/A,N/A,N/A,N/A,N/A,N/A
13,8074,test114,2021-08-12 15:03:26.759000,prior_knowledge_answer_changed,N/A,N/A,N/A,N/A,N/A,N/A,N/A,3,N/A,N/A,N/A,N/A,N/A,N/A,N/A,N/A,N/A,N/A,N/A,N/A,N/A,N/A,N/A,N/A,N/A,N/A,N/A,N/A,N/A,N/A,N/A,N/A,N/A,N/A,N/A,N/A
13,8244,test114,2021-08-12 15:03:29.353000,prior_knowledge_answered,N/A,N/A,N/A,N/A,N/A,N/A,N/A,3,2586,N/A,N/A,N/A,N/A,N/A,N/A,N/A,N/A,N/A,N/A,N/A,N/A,N/A,N/A,N/A,N/A,N/A,N/A,N/A,N/A,N/A,N/A,N/A,N/A,N/A,N/A,N/A
13,8320,test114,2021-08-12 15:03:30.309000,mouse_clicked_element,distractor-task-13-image,N/A,N/A,N/A,N/A,N/A,N/A,N/A,N/A,N/A,N/A,N/A,N/A,N/A,N/A,N/A,N/A,N/A,N/A,N/A,N/A,N/A,N/A,N/A,N/A,N/A,N/A,N/A,N/A,N/A,N/A,N/A,N/A,N/A,N/A,N/A
13,8375,test114,2021-08-12 15:03:31.018000,mouse_clicked_element,distractor-task-13-answer-0,N/A,N/A,N/A,N/A,N/A,N/A,N/A,N/A,N/A,N/A,N/A,N/A,N/A,N/A,N/A,N/A,N/A,N/A,N/A,N/A,N/A,N/A,N/A,N/A,N/A,N/A,N/A,N/A,N/A,N/A,N/A,N/A,N/A,N/A,N/A
13,8376,test114,2021-08-12 15:03:31.020000,multi_choice_answer_changed,N/A,N/A,N/A,N/A,N/A,N/A,N/A,An upward pointing triangle,N/A,N/A,N/A,N/A,N/A,N/A,N/A,N/A,N/A,N/A,N/A,N/A,N/A,N/A,N/A,N/A,N/A,N/A,N/A,N/A,N/A,N/A,N/A,N/A,N/A,N/A,N/A,N/A
13,8409,test114,2021-08-12 15:03:31.412000,mouse_clicked_element,distractor-task-13-answer-1,N/A,N/A,N/A,N/A,N/A,N/A,N/A,N/A,N/A,N/A,N/A,N/A,N/A,N/A,N/A,N/A,N/A,N/A,N/A,N/A,N/A,N/A,N/A,N/A,N/A,N/A,N/A,N/A,N/A,N/A,N/A,N/A,N/A,N/A,N/A
13,8410,test114,2021-08-12 15:03:31.413000,multi_choice_answer_changed,N/A,N/A,N/A,N/A,N/A,N/A,N/A,A downward pointing triangle,N/A,N/A,N/A,N/A,N/A,N/A,N/A,N/A,N/A,N/A,N/A,N/A,N/A,N/A,N/A,N/A,N/A,N/A,N/A,N/A,N/A,N/A,N/A,N/A,N/A,N/A,N/A,N/A
13,8455,test114,2021-08-12 15:03:31.853000,mouse_clicked_element,distractor-task-13-answer-2,N/A,N/A,N/A,N/A,N/A,N/A,N/A,N/A,N/A,N/A,N/A,N/A,N/A,N/A,N/A,N/A,N/A,N/A,N/A,N/A,N/A,N/A,N/A,N/A,N/A,N/A,N/A,N/A,N/A,N/A,N/A,N/A,N/A,N/A,N/A
13,8456,test114,2021-08-12 15:03:31.854000,multi_choice_answer_changed,N/A,N/A,N/A,N/A,N/A,N/A,N/A,A six point star,N/A,N/A,N/A,N/A,N/A,N/A,N/A,N/A,N/A,N/A,N/A,N/A,N/A,N/A,N/A,N/A,N/A,N/A,N/A,N/A,N/A,N/A,N/A,N/A,N/A,N/A,N/A,N/A
13,8486,test114,2021-08-12 15:03:32.212000,mouse_clicked_element,distractor-task-13-answer-3,N/A,N/A,N/A,N/A,N/A,N/A,N/A,N/A,N/A,N/A,N/A,N/A,N/A,N/A,N/A,N/A,N/A,N/A,N/A,N/A,N/A,N/A,N/A,N/A,N/A,N/A,N/A,N/A,N/A,N/A,N/A,N/A,N/A,N/A,N/A
13,8487,test114,2021-08-12 15:03:32.213000,multi_choice_answer_changed,N/A,N/A,N/A,N/A,N/A,N/A,N/A,None of the above,N/A,N/A,N/A,N/A,N/A,N/A,N/A,N/A,N/A,N/A,N/A,N/A,N/A,N/A,N/A,N/A,N/A,N/A,N/A,N/A,N/A,N/A,N/A,N/A,N/A,N/A,N/A,N/A
13,8546,test114,2021-08-12 15:03:32.691000,mouse_clicked_element,distractor-task-13-question-container,N/A,N/A,N/A,N/A,N/A,N/A,N/A,N/A,N/A,N/A,N/A,N/A,N/A,N/A,N/A,N/A,N/A,N/A,N/A,N/A,N/A,N/A,N/A,N/A,N/A,N/A,N/A,N/A,N/A,N/A,N/A,N/A,N/A,N/A,N/A
13,8619,test114,2021-08-12 15:03:33.603000,mouse_clicked_element,distractor-task-13-advertisement-title,N/A,N/A,N/A,N/A,N/A,N/A,N/A,N/A,N/A,N/A,N/A,N/A,N/A,N/A,N/A,N/A,N/A,N/A,N/A,N/A,N/A,N/A,N/A,N/A,N/A,N/A,N/A,N/A,N/A,N/A,N/A,N/A,N/A,N/A,N/A
13,8634,test114,2021-08-12 15:03:33.871000,mouse_clicked_element,distractor-task-13-advertisement-title,N/A,N/A,N/A,N/A,N/A,N/A,N/A,N/A,N/A,N/A,N/A,N/A,N/A,N/A,N/A,N/A,N/A,N/A,N/A,N/A,N/A,N/A,N/A,N/A,N/A,N/A,N/A,N/A,N/A,N/A,N/A,N/A,N/A,N/A,N/A
13,8738,test114,2021-08-12 15:03:34.805000,mouse_clicked_element,irish-moss-post-date,N/A,N/A,N/A,N/A,N/A,N/A,N/A,N/A,N/A,N/A,N/A,N/A,N/A,N/A,N/A,N/A,N/A,N/A,N/A,N/A,N/A,N/A,N/A,N/A,N/A,N/A,N/A,N/A,N/A,N/A,N/A,N/A,N/A,N/A,N/A
13,8866,test114,2021-08-12 15:03:35.790000,mouse_clicked_element,irish-moss-author,N/A,N/A,N/A,N/A,N/A,N/A,N/A,N/A,N/A,N/A,N/A,N/A,N/A,N/A,N/A,N/A,N/A,N/A,N/A,N/A,N/A,N/A,N/A,N/A,N/A,N/A,N/A,N/A,N/A,N/A,N/A,N/A,N/A,N/A,N/A
13,8902,test114,2021-08-12 15:03:36.158000,mouse_clicked_element,irish-moss-profile-picture,N/A,N/A,N/A,N/A,N/A,N/A,N/A,N/A,N/A,N/A,N/A,N/A,N/A,N/A,N/A,N/A,N/A,N/A,N/A,N/A,N/A,N/A,N/A,N/A,N/A,N/A,N/A,N/A,N/A,N/A,N/A,N/A,N/A,N/A,N/A
13,8939,test114,2021-08-12 15:03:36.805000,mouse_clicked_element,irish-moss-separated-story-click-indicator,N/A,N/A,N/A,N/A,N/A,N/A,N/A,N/A,N/A,N/A,N/A,N/A,N/A,N/A,N/A,N/A,N/A,N/A,N/A,N/A,N/A,N/A,N/A,N/A,N/A,N/A,N/A,N/A,N/A,N/A,N/A,N/A,N/A,N/A,N/A
13,8940,test114,2021-08-12 15:03:36.813000,post_replies_opened,irish-moss,N/A,N/A,N/A,N/A,N/A,N/A,N/A,N/A,N/A,N/A,N/A,N/A,N/A,N/A,N/A,N/A,N/A,N/A,N/A,N/A,N/A,N/A,N/A,N/A,N/A,N/A,N/A,N/A,N/A,N/A,N/A,N/A,N/A,N/A,N/A
13,8998,test114,2021-08-12 15:03:37.463000,story_segment_read,N/A,N/A,N/A,N/A,N/A,N/A,N/A,N/A,650,0,N/A,N/A,N/A,N/A,N/A,N/A,N/A,N/A,N/A,N/A,N/A,N/A,N/A,N/A,N/A,N/A,N/A,N/A,N/A,N/A,N/A,N/A,N/A,N/A,N/A,N/A
13,9079,test114,2021-08-12 15:03:38.327000,mouse_clicked_element,,N/A,N/A,N/A,N/A,N/A,N/A,N/A,N/A,N/A,N/A,N/A,N/A,N/A,N/A,N/A,N/A,N/A,N/A,N/A,N/A,N/A,N/A,N/A,N/A,N/A,N/A,N/A,N/A,N/A,N/A,N/A,N/A,N/A,N/A,N/A
13,9080,test114,2021-08-12 15:03:38.327000,story_segment_read,N/A,N/A,N/A,N/A,N/A,N/A,N/A,N/A,864,1,N/A,N/A,N/A,N/A,N/A,N/A,N/A,N/A,N/A,N/A,N/A,N/A,N/A,N/A,N/A,N/A,N/A,N/A,N/A,N/A,N/A,N/A,N/A,N/A,N/A,N/A
13,9138,test114,2021-08-12 15:03:38.979000,mouse_clicked_element,,N/A,N/A,N/A,N/A,N/A,N/A,N/A,N/A,N/A,N/A,N/A,N/A,N/A,N/A,N/A,N/A,N/A,N/A,N/A,N/A,N/A,N/A,N/A,N/A,N/A,N/A,N/A,N/A,N/A,N/A,N/A,N/A,N/A,N/A,N/A
13,9139,test114,2021-08-12 15:03:38.980000,story_segment_read,N/A,N/A,N/A,N/A,N/A,N/A,N/A,N/A,652,2,N/A,N/A,N/A,N/A,N/A,N/A,N/A,N/A,N/A,N/A,N/A,N/A,N/A,N/A,N/A,N/A,N/A,N/A,N/A,N/A,N/A,N/A,N/A,N/A,N/A,N/A
13,9209,test114,2021-08-12 15:03:39.655000,mouse_clicked_element,irish-moss-modal-body,N/A,N/A,N/A,N/A,N/A,N/A,N/A,N/A,N/A,N/A,N/A,N/A,N/A,N/A,N/A,N/A,N/A,N/A,N/A,N/A,N/A,N/A,N/A,N/A,N/A,N/A,N/A,N/A,N/A,N/A,N/A,N/A,N/A,N/A,N/A
13,9229,test114,2021-08-12 15:03:40.071000,mouse_clicked_element,irish-moss-comment-button,N/A,N/A,N/A,N/A,N/A,N/A,N/A,N/A,N/A,N/A,N/A,N/A,N/A,N/A,N/A,N/A,N/A,N/A,N/A,N/A,N/A,N/A,N/A,N/A,N/A,N/A,N/A,N/A,N/A,N/A,N/A,N/A,N/A,N/A,N/A
13,9308,test114,2021-08-12 15:03:40.882000,mouse_clicked_element,irish-moss-modal-post-date-container,N/A,N/A,N/A,N/A,N/A,N/A,N/A,N/A,N/A,N/A,N/A,N/A,N/A,N/A,N/A,N/A,N/A,N/A,N/A,N/A,N/A,N/A,N/A,N/A,N/A,N/A,N/A,N/A,N/A,N/A,N/A,N/A,N/A,N/A,N/A
13,9356,test114,2021-08-12 15:03:41.449000,mouse_clicked_element,irish-moss-modal-post-author-container,N/A,N/A,N/A,N/A,N/A,N/A,N/A,N/A,N/A,N/A,N/A,N/A,N/A,N/A,N/A,N/A,N/A,N/A,N/A,N/A,N/A,N/A,N/A,N/A,N/A,N/A,N/A,N/A,N/A,N/A,N/A,N/A,N/A,N/A,N/A
13,9382,test114,2021-08-12 15:03:41.818000,mouse_clicked_element,irish-moss-modal-profile-picture,N/A,N/A,N/A,N/A,N/A,N/A,N/A,N/A,N/A,N/A,N/A,N/A,N/A,N/A,N/A,N/A,N/A,N/A,N/A,N/A,N/A,N/A,N/A,N/A,N/A,N/A,N/A,N/A,N/A,N/A,N/A,N/A,N/A,N/A,N/A
13,9429,test114,2021-08-12 15:03:42.177000,story_segment_read,N/A,N/A,N/A,N/A,N/A,N/A,N/A,N/A,3197,3,N/A,N/A,N/A,N/A,N/A,N/A,N/A,N/A,N/A,N/A,N/A,N/A,N/A,N/A,N/A,N/A,N/A,N/A,N/A,N/A,N/A,N/A,N/A,N/A,N/A,N/A
13,9510,test114,2021-08-12 15:03:43.162000,mouse_clicked_element,irish-moss-comment-undefined-body,N/A,N/A,N/A,N/A,N/A,N/A,N/A,N/A,N/A,N/A,N/A,N/A,N/A,N/A,N/A,N/A,N/A,N/A,N/A,N/A,N/A,N/A,N/A,N/A,N/A,N/A,N/A,N/A,N/A,N/A,N/A,N/A,N/A,N/A,N/A
13,9572,test114,2021-08-12 15:03:43.767000,mouse_clicked_element,irish-moss-comment-undefined-body,N/A,N/A,N/A,N/A,N/A,N/A,N/A,N/A,N/A,N/A,N/A,N/A,N/A,N/A,N/A,N/A,N/A,N/A,N/A,N/A,N/A,N/A,N/A,N/A,N/A,N/A,N/A,N/A,N/A,N/A,N/A,N/A,N/A,N/A,N/A
13,9645,test114,2021-08-12 15:03:44.535000,mouse_clicked_element,irish-moss-comment-undefined-container,N/A,N/A,N/A,N/A,N/A,N/A,N/A,N/A,N/A,N/A,N/A,N/A,N/A,N/A,N/A,N/A,N/A,N/A,N/A,N/A,N/A,N/A,N/A,N/A,N/A,N/A,N/A,N/A,N/A,N/A,N/A,N/A,N/A,N/A,N/A
13,9695,test114,2021-08-12 15:03:44.966000,post_replies_closed,irish-moss,N/A,N/A,N/A,N/A,N/A,N/A,N/A,N/A,N/A,N/A,N/A,N/A,N/A,N/A,N/A,N/A,N/A,N/A,N/A,N/A,N/A,N/A,N/A,N/A,N/A,N/A,N/A,N/A,N/A,N/A,N/A,N/A,N/A,N/A,N/A
13,9783,test114,2021-08-12 15:03:45.850000,prior_knowledge_answer_changed,N/A,N/A,N/A,N/A,N/A,N/A,N/A,3,N/A,N/A,N/A,N/A,N/A,N/A,N/A,N/A,N/A,N/A,N/A,N/A,N/A,N/A,N/A,N/A,N/A,N/A,N/A,N/A,N/A,N/A,N/A,N/A,N/A,N/A,N/A,N/A
13,9819,test114,2021-08-12 15:03:46.266000,prior_knowledge_answered,N/A,N/A,N/A,N/A,N/A,N/A,N/A,3,412,N/A,N/A,N/A,N/A,N/A,N/A,N/A,N/A,N/A,N/A,N/A,N/A,N/A,N/A,N/A,N/A,N/A,N/A,N/A,N/A,N/A,N/A,N/A,N/A,N/A,N/A,N/A
